"id","predicate","arity","argument_types","kind","scope_dimension","description","example"
"F001","natural_person","1","actor:Actor","extensional","DEFINITION","Living natural person (excludes legal persons & deceased).","natural_person('alice')"
"F002","concerns","2","datum:Datum, actor:Actor","extensional","DEFINITION","Datum is about the actor — anchor for personal-data classification.","concerns('record_42','alice')"
"F003","identifies","2","datum:Datum, actor:Actor","extensional","DEFINITION","Datum permits direct or indirect identification of the actor.","identifies('record_42','alice')"
"F004","category","2","datum:Datum, tag:Category","extensional","DEFINITION","Datum belongs to an Art 9(1) special-data category.","category('hr_record_3','health')"
"F005","criminal_offence_data","1","datum:Datum","extensional","DEFINITION","Datum relates to criminal convictions and offences.","criminal_offence_data('record_88')"
"F006","processing","1","scenario:Scenario","extensional","MATERIAL","Scenario is a processing operation (collection, storage, use, etc.).","processing('s_payroll')"
"F007","automated_means","1","scenario:Scenario","extensional","MATERIAL","Processing is wholly or partly carried out by automated means.","automated_means('s_payroll')"
"F008","filing_system","1","scenario:Scenario","extensional","MATERIAL","Non-automated processing forming part of a structured filing system.","filing_system('s_archive')"
"F009","controller","2","actor:Actor, scenario:Scenario","extensional","ROLE","Actor determines purposes and means of processing.","controller('acme_inc','s_payroll')"
"F010","processor","2","actor:Actor, scenario:Scenario","extensional","ROLE","Actor processes personal data on behalf of the controller.","processor('cloud_co','s_payroll')"
"F011","provider","2","actor:Actor, ai_system:AISystem","extensional","ROLE","Actor develops or has developed an AI system and places it on the EU market or puts into service under its own name.","provider('robotcorp','ai_robot_v2')"
"F012","deployer","2","actor:Actor, ai_system:AISystem","extensional","ROLE","Actor uses an AI system under its authority (other than personal non-professional use).","deployer('factory_eu','ai_robot_v2')"
"F013","importer","2","actor:Actor, ai_system:AISystem","extensional","ROLE","Actor located in the Union places on the EU market an AI system bearing a third-country provider's name.","importer('eu_importer_gmbh','ai_robot_v2')"
"F014","distributor","2","actor:Actor, ai_system:AISystem","extensional","ROLE","Actor in the supply chain (other than provider/importer) makes an AI system available on the market.","distributor('eu_reseller','ai_robot_v2')"
"F015","manufacturer","2","actor:Actor, ai_system:AISystem","extensional","ROLE","Product manufacturer placing on the EU market a product with an AI system as a safety component (Art 25(3)).","manufacturer('toolmaker_eu','ai_robot_v2')"
"F016","authorised_representative","2","actor:Actor, ai_system:AISystem","extensional","ROLE","Actor established in the Union mandated to act on behalf of a non-EU provider.","authorised_representative('eu_rep_ltd','ai_robot_v2')"
"F017","established_in","2","actor:Actor, jurisdiction:Jurisdiction","extensional","TERRITORIAL","Actor has a stable establishment in the named jurisdiction.","established_in('acme_inc','eu')"
"F018","located_in","2","actor:Actor, jurisdiction:Jurisdiction","extensional","TERRITORIAL","Actor is physically located in the named jurisdiction.","located_in('factory_eu','eu')"
"F019","processing_in_context_of_establishment","2","scenario:Scenario, actor:Actor","extensional","TERRITORIAL","Processing carried out in the context of the activities of the actor's EU establishment, regardless of where processing physically occurs.","processing_in_context_of_establishment('s_payroll','acme_inc')"
"F020","data_subjects_in_eu_targeted","2","scenario:Scenario, actor:Actor","extensional","TERRITORIAL","Scenario offers goods or services to data subjects in the Union (regardless of payment).","data_subjects_in_eu_targeted('s_webshop','acme_inc')"
"F021","monitors_behaviour_in_eu","2","actor:Actor, scenario:Scenario","extensional","TERRITORIAL","Scenario monitors data-subject behaviour taking place within the Union.","monitors_behaviour_in_eu('acme_inc','s_analytics')"
"F022","member_state_law_via_intl_law","1","actor:Actor","extensional","TERRITORIAL","Actor is subject to a Member State's law by virtue of public international law.","member_state_law_via_intl_law('embassy_x')"
"F023","places_on_eu_market","2","actor:Actor, ai_system:AISystem","extensional","TERRITORIAL","Actor places (first makes available) the AI system on the EU market.","places_on_eu_market('robotcorp','ai_robot_v2')"
"F024","puts_into_service_in_eu","2","actor:Actor, ai_system:AISystem","extensional","TERRITORIAL","Actor puts the AI system into service in the EU (first use for intended purpose).","puts_into_service_in_eu('factory_eu','ai_robot_v2')"
"F025","output_used_in_eu","1","scenario:Scenario","extensional","TERRITORIAL","AI system output is used in the Union (relevant when provider/deployer is outside the EU).","output_used_in_eu('s_translation')"
"F026","made_available_on_market","2","ai_system:AISystem, jurisdiction:Jurisdiction","extensional","TERRITORIAL","AI system made available on the market in the named jurisdiction.","made_available_on_market('ai_robot_v2','eu')"
"F027","places_on_eu_market_with_product","2","actor:Actor, ai_system:AISystem","extensional","TERRITORIAL","Manufacturer places on the EU market a product containing the AI system under their own name.","places_on_eu_market_with_product('toolmaker_eu','ai_robot_v2')"
"F028","has_feature","2","scenario:Scenario, tag:FeatureTag","extensional","CLASSIFICATION","Target carries a closed-vocabulary feature tag (machine_based, social_scoring, compute_above_10e25, ...).","has_feature('ai_robot_v2','machine_based')"
"F029","has_capability","2","scenario:Scenario, tag:FeatureTag","extensional","CLASSIFICATION","Target has a capability tag (autonomous_operation, inference_from_input). Anchors the Art 3(1) AI-system definition.","has_capability('ai_robot_v2','inference_from_input')"
"F030","used_in","2","ai_system:AISystem, use:Use","extensional","CLASSIFICATION","AI system is used in an Annex III use-case category.","used_in('ai_recruiter','employment_workers_management')"
"F031","safety_component_of","2","ai_system:AISystem, product:Product","extensional","CLASSIFICATION","AI system is intended to be used as a safety component of the named product.","safety_component_of('ai_brake_assist','truck_model_x')"
"F032","subject_to_third_party_assessment","2","target:Product, legislation:Legislation","extensional","CLASSIFICATION","Product (or AI system) requires third-party conformity assessment under that Annex I legislation.","subject_to_third_party_assessment('truck_model_x','motor_vehicles_2018_858')"
"F033","activity_outside_union_law","1","scenario:Scenario","extensional","EXCLUSION","Scenario falls outside the scope of Union law.","activity_outside_union_law('s_cfsp_op')"
"F034","purely_personal_household_activity","1","scenario:Scenario","extensional","EXCLUSION","Scenario is a purely personal or household activity.","purely_personal_household_activity('s_family_photos')"
"F035","led_law_enforcement_processing","1","scenario:Scenario","extensional","EXCLUSION","Processing by competent authorities for law-enforcement purposes (Directive 2016/680).","led_law_enforcement_processing('s_police_db')"
"F036","eu_institution_processing","1","scenario:Scenario","extensional","EXCLUSION","Processing by Union institutions/bodies (Regulation 2018/1725 governs instead).","eu_institution_processing('s_commission_hr')"
"F037","military_or_defence_purpose","1","scenario:Scenario","extensional","EXCLUSION","AI system used exclusively for military or defence purposes.","military_or_defence_purpose('s_drone_targeting')"
"F038","national_security_purpose","1","scenario:Scenario","extensional","EXCLUSION","AI system used exclusively for national-security purposes.","national_security_purpose('s_intel_analysis')"
"F039","scientific_research_development_only","1","scenario:Scenario","extensional","EXCLUSION","AI system specifically developed and put into service for scientific R&D only.","scientific_research_development_only('s_lab_proto')"
"F040","pre_market_research_testing","1","scenario:Scenario","extensional","EXCLUSION","Research, testing, development of AI system before being placed on market or put into service.","pre_market_research_testing('s_internal_eval')"
"F041","free_open_source_ai","1","scenario:Scenario","extensional","EXCLUSION","AI system released under free and open-source licence (subject to high-risk / prohibited carve-outs).","free_open_source_ai('s_oss_model')"
"F042","eprivacy_lex_specialis","1","scenario:Scenario","extensional","MATERIAL","Marker: scenario covered by lex specialis under Directive 2002/58/EC (ePrivacy). Coordination, not exclusion.","eprivacy_lex_specialis('s_email_marketing')"
"F043","annex_i_legislation","1","legislation:Legislation","reference","CLASSIFICATION","Listed Union harmonisation legislation (Annex I, Sections A & B).","annex_i_legislation('medical_devices_2017_745')"
"F044","annex_iii_use_case","1","use:Use","reference","CLASSIFICATION","Annex III high-risk use-case category.","annex_iii_use_case('biometrics')"
"F045","entry_into_force","2","regulation:Regulation, time:Time","reference","TEMPORAL","Date a regulation entered into force.","entry_into_force('ai_act','2024-08-01')"
"F046","application_date","3","regulation:Regulation, provision:Provision, time:Time","reference","TEMPORAL","Staggered application date for a specific provision/chapter of a regulation.","application_date('ai_act','chapter_ii_prohibitions','2025-02-02')"
"F047","transitional_grace","3","regulation:Regulation, cohort:Provision, time:Time","reference","TEMPORAL","Transitional grace deadline for systems pre-dating the regulation.","transitional_grace('ai_act','high_risk_predeployed','2026-08-02')"
"F048","personal_data","1","datum:Datum","intensional","DEFINITION","Derived: datum identifies/relates to a natural person OR is special-category OR is criminal data.","personal_data('record_42')"
"F049","special_category_data","1","datum:Datum","intensional","DEFINITION","Derived: datum has a category tag in the Art 9(1) closed list.","special_category_data('hr_record_3')"
"F050","ai_system","1","scenario:Scenario","intensional","DEFINITION","Derived: scenario is an AI system per Art 3(1) feature/capability conjunction.","ai_system('ai_robot_v2')"
"F051","gpai_model","1","scenario:Scenario","intensional","DEFINITION","Derived: scenario is a general-purpose AI model.","gpai_model('llm_x')"
"F052","gpai_systemic_risk","1","scenario:Scenario","intensional","CLASSIFICATION","Derived: GPAI model with systemic risk (compute > 10^25 FLOPs OR Commission designation).","gpai_systemic_risk('llm_x')"
"F053","prohibited_practice","1","scenario:Scenario","intensional","CLASSIFICATION","Derived: AI system uses any of the prohibited practices Art 5(1)(a)-(h).","prohibited_practice('s_social_scoring')"
"F054","high_risk_ai","1","scenario:Scenario","intensional","CLASSIFICATION","Derived: high-risk via safety-component limb (6(1)) OR Annex III use-case limb (6(2)).","high_risk_ai('ai_recruiter')"
"F055","gdpr_material","1","scenario:Scenario","intensional","MATERIAL","Derived: GDPR material-scope test (automated-means OR filing-system limb).","gdpr_material('s_payroll')"
"F056","ai_act_material","1","scenario:Scenario","intensional","MATERIAL","Derived: AI Act material scope (ai_system OR gpai_model).","ai_act_material('ai_robot_v2')"
"F057","gdpr_territorial_link","2","actor:Actor, scenario:Scenario","intensional","TERRITORIAL","Derived: actor anchors GDPR territorial scope (Art 3 limbs).","gdpr_territorial_link('acme_inc','s_payroll')"
"F058","ai_act_territorial_link","2","actor:Actor, ai_system:AISystem","intensional","TERRITORIAL","Derived: actor anchors AI Act territorial scope per Art 2(1)(a)-(f).","ai_act_territorial_link('robotcorp','ai_robot_v2')"
"F059","gdpr_excluded","1","scenario:Scenario","intensional","EXCLUSION","Derived: any GDPR exclusion limb fires.","gdpr_excluded('s_family_photos')"
"F060","ai_act_excluded","1","scenario:Scenario","intensional","EXCLUSION","Derived: any AI Act exclusion limb fires.","ai_act_excluded('s_lab_proto')"
"F061","in_force","2","regulation:Regulation, time:Time","intensional","TEMPORAL","Derived: regulation has entered into force at the named time.","in_force('ai_act','2026-04-30')"
"F062","applicable_at","3","regulation:Regulation, provision:Provision, time:Time","intensional","TEMPORAL","Derived: a specific provision is applicable at the named time.","applicable_at('ai_act','chapter_ii_prohibitions','2025-03-01')"
"F063","applies","3","scenario:Scenario, time:Time, regulation:Regulation","intensional","ORCHESTRATION","Top-level: regulation governs scenario at time (in_force AND territorial AND material AND NOT excluded).","applies('s_payroll','2026-04-30','gdpr')"
"F064","applies_via_actor","4","scenario:Scenario, time:Time, regulation:Regulation, actor:Actor","intensional","ORCHESTRATION","Top-level with provenance of which actor anchored territorial scope.","applies_via_actor('s_payroll','2026-04-30','gdpr','acme_inc')"
"F065","processing_concerns","2","scenario:Scenario, datum:Datum","extensional","MATERIAL","Scenario processes or otherwise includes the datum; bridge from processing operation to data classification.","processing_concerns('s_payroll','record_42')"
"F066","obligation","3","actor:Actor, target:ScenarioOrSystem, provision:Provision","intensional","OBLIGATION","Actor has a triggered duty under a provision for the scenario or AI system.","obligation('acme_inc','s_payroll','GDPR_A27.1_designate_representative_in_union')"
"F067","prohibition","3","actor:Actor, target:ScenarioOrSystem, provision:Provision","intensional","OBLIGATION","Actor is subject to a triggered prohibition under a provision.","prohibition('acme_inc','ai_x','AIAct_A5.1_prohibited_ai_practice')"
"F068","no_obligation","3","actor:Actor, target:ScenarioOrSystem, provision:Provision","intensional","OBLIGATION","The provision removes or negates a duty for the actor in the scenario.","no_obligation('acme_inc','s_minimal','GDPR_A11.1_no_extra_identification')"
"F069","gdpr_art3_2_applies","2","actor:Actor, scenario:Scenario","intensional","TERRITORIAL","Specific territorial limb where GDPR Article 3(2) applies; used by Article 27 representative obligations.","gdpr_art3_2_applies('acme_inc','s_targeting_eu')"
"F070","gdpr_representative_obligation_exempt","2","actor:Actor, scenario:Scenario","intensional","EXCEPTION","Article 27(2) exemption from the Article 27(1) representative designation obligation.","gdpr_representative_obligation_exempt('public_body','s_case')"
"F071","occasional_processing","1","scenario:Scenario","extensional","EXCEPTION","Processing is occasional for Article 27(2)(a).","occasional_processing('s_event')"
"F072","large_scale_special_category_processing","1","scenario:Scenario","extensional","EXCEPTION","Processing includes large-scale Article 9(1) special-category data.","large_scale_special_category_processing('s_health_platform')"
"F073","large_scale_criminal_offence_processing","1","scenario:Scenario","extensional","EXCEPTION","Processing includes large-scale Article 10 criminal conviction/offence data.","large_scale_criminal_offence_processing('s_background_checks')"
"F074","public_authority_body","1","actor:Actor","extensional","ROLE","Actor is a public authority or body for Article 27(2)(b).","public_authority_body('city_agency')"
"F075","official_authority_control","1","scenario:Scenario","extensional","OBLIGATION","Criminal-offence-data processing is carried out under control of official authority.","official_authority_control('s_criminal_records')"
"F076","law_authorises_criminal_data_processing","1","scenario:Scenario","extensional","EXCEPTION","Union or Member State law authorises Article 10 criminal-offence-data processing with safeguards.","law_authorises_criminal_data_processing('s_checks')"
"F077","gdpr_art9_exception","1","scenario:Scenario","intensional","EXCEPTION","One of the Article 9(2) exceptions to the Article 9(1) special-category-data prohibition applies.","gdpr_art9_exception('s_healthcare')"
"F078","explicit_consent_special_category","1","scenario:Scenario","extensional","EXCEPTION","Data subject gave explicit consent for one or more specified special-category-data purposes.","explicit_consent_special_category('s_research')"
"F079","employment_social_security_law_basis","1","scenario:Scenario","extensional","EXCEPTION","Processing is necessary for employment, social security, or social protection law obligations/rights.","employment_social_security_law_basis('s_hr')"
"F080","vital_interests_incapable","1","scenario:Scenario","extensional","EXCEPTION","Processing is necessary to protect vital interests where the data subject is physically or legally incapable of consent.","vital_interests_incapable('s_emergency')"
"F081","nonprofit_legitimate_activity_safeguards","1","scenario:Scenario","extensional","EXCEPTION","Non-profit body processes within legitimate activities with appropriate safeguards.","nonprofit_legitimate_activity_safeguards('s_union_members')"
"F082","manifestly_public_by_data_subject","1","scenario:Scenario","extensional","EXCEPTION","Processing relates to data manifestly made public by the data subject.","manifestly_public_by_data_subject('s_public_profile')"
"F083","legal_claims_or_judicial_capacity","1","scenario:Scenario","extensional","EXCEPTION","Processing is necessary for legal claims or courts acting in judicial capacity.","legal_claims_or_judicial_capacity('s_litigation')"
"F084","substantial_public_interest_law_basis","1","scenario:Scenario","extensional","EXCEPTION","Processing is necessary for substantial public interest on Union or Member State law basis with safeguards.","substantial_public_interest_law_basis('s_public_program')"
"F085","healthcare_socialcare_law_or_contract","1","scenario:Scenario","extensional","EXCEPTION","Processing is necessary for occupational/preventive medicine, medical diagnosis, health/social care, or management under law/contract.","healthcare_socialcare_law_or_contract('s_clinic')"
"F086","public_health_interest_law_basis","1","scenario:Scenario","extensional","EXCEPTION","Processing is necessary for public-health reasons under Union or Member State law with suitable measures.","public_health_interest_law_basis('s_pandemic')"
"F087","research_archiving_statistics_law_basis","1","scenario:Scenario","extensional","EXCEPTION","Processing is necessary for archiving, scientific/historical research, or statistical purposes under Article 89(1) and law.","research_archiving_statistics_law_basis('s_study')"
"F088","identification_not_required_for_purposes","1","scenario:Scenario","extensional","OBLIGATION","Controller purposes do not or no longer require identification of the data subject.","identification_not_required_for_purposes('s_aggregated')"
"F089","not_in_position_to_identify_data_subject","1","scenario:Scenario","extensional","OBLIGATION","Controller can demonstrate it is not in a position to identify the data subject.","not_in_position_to_identify_data_subject('s_aggregated')"
"F090","informing_data_subject_possible","1","scenario:Scenario","extensional","OBLIGATION","It is possible to inform the data subject.","informing_data_subject_possible('s_request')"
"F091","provider_claims_not_high_risk","2","actor:Actor, ai_system:AISystem","extensional","CLASSIFICATION","Provider considers an Annex III AI system not to be high-risk.","provider_claims_not_high_risk('robotcorp','ai_cv_tool')"
"F092","intended_to_interact_directly_with_natural_persons","1","ai_system:AISystem","extensional","OBLIGATION","AI system is intended to interact directly with natural persons.","intended_to_interact_directly_with_natural_persons('ai_chatbot')"
"F093","interaction_obviously_ai","1","ai_system:AISystem","extensional","EXCEPTION","It is obvious from the point of view of a reasonably well-informed, observant and circumspect natural person that they are interacting with AI.","interaction_obviously_ai('ai_robot_kiosk')"
"F094","generates_synthetic_content","1","ai_system:AISystem","extensional","OBLIGATION","AI system generates synthetic audio, image, video, or text content.","generates_synthetic_content('ai_image_gen')"
"F095","emotion_recognition_system","1","ai_system:AISystem","extensional","CLASSIFICATION","AI system is an emotion recognition system.","emotion_recognition_system('ai_mood')"
"F096","biometric_categorisation_system","1","ai_system:AISystem","extensional","CLASSIFICATION","AI system is a biometric categorisation system.","biometric_categorisation_system('ai_bio_cat')"
"F097","deep_fake_generation_or_manipulation","1","ai_system:AISystem","extensional","OBLIGATION","AI system generates or manipulates image, audio, or video content constituting a deep fake.","deep_fake_generation_or_manipulation('ai_video_tool')"
"F098","deep_fake_disclosure_exempt","1","ai_system:AISystem","extensional","EXCEPTION","Deep-fake disclosure exception applies, e.g. authorised by law or covered by freedom of expression/art/science with safeguards.","deep_fake_disclosure_exempt('ai_investigation_tool')"
"F099","generated_text_public_interest","1","ai_system:AISystem","extensional","OBLIGATION","AI system generates or manipulates text published to inform the public on matters of public interest.","generated_text_public_interest('ai_news_writer')"
"F100","human_review_or_editorial_control","1","ai_system:AISystem","extensional","EXCEPTION","AI-generated text has undergone human review/editorial control with editorial responsibility.","human_review_or_editorial_control('ai_news_writer')"
"F101","gpai_high_impact_capability","1","ai_system:AISystem","intensional","CLASSIFICATION","GPAI model meets Article 51(1)(a) high-impact-capability condition.","gpai_high_impact_capability('gpai_frontier')"
"F102","rbi_law_enforcement_exception","1","ai_system:AISystem","extensional","EXCEPTION","Real-time remote biometric identification falls within Article 5(1)(h) law-enforcement exception and necessity limits.","rbi_law_enforcement_exception('ai_rbi')"
"F103","predictive_policing_supporting_human_assessment_exception","1","ai_system:AISystem","extensional","EXCEPTION","Predictive policing system is used only to support human assessment based on objective and verifiable facts directly linked to criminal activity.","predictive_policing_supporting_human_assessment_exception('ai_case_triage')"
"F104","emotion_inference_medical_or_safety_exception","1","ai_system:AISystem","extensional","EXCEPTION","Emotion inference in workplace/education is intended for medical or safety reasons.","emotion_inference_medical_or_safety_exception('ai_safety_monitor')"
"F105","biometric_categorisation_lawful_filtering_exception","1","ai_system:AISystem","extensional","EXCEPTION","Biometric categorisation is ancillary to lawful acquired biometric datasets, such as labelling/filtering, and does not infer protected categories.","biometric_categorisation_lawful_filtering_exception('ai_photo_filter')"
"F106","source_provision","2","provision:Provision, regulation:Regulation","reference","COVERAGE","Maps a legal text row to its regulation.","source_provision('GDPR_A1.1','gdpr')"
"F107","source_text_kind","2","provision:Provision, kind:TextKind","reference","COVERAGE","Stores whether a row is recital, article, paragraph, point, or subpoint.","source_text_kind('GDPR_R14','recital')"
"F108","source_scope_tag","2","provision:Provision, scope:ScopeTag","reference","COVERAGE","Stores the workbook scope tag as a Datalog fact.","source_scope_tag('GDPR_R14','material')"
"F109","article_header","2","provision:Provision, regulation:Regulation","reference","COVERAGE","Non-operative article heading/header marker.","article_header('AIAct_A5','ai_act')"
"F110","recital","2","provision:Provision, regulation:Regulation","reference","INTERPRETIVE","Marks a provision as a recital; recitals are interpretive support, not direct obligations.","recital('GDPR_R14','gdpr')"
"F111","recital_supports","2","recital:Provision, topic:Topic","reference","INTERPRETIVE","Links recitals to the scope dimension or interpretive topic they support.","recital_supports('GDPR_R14','material')"
"F112","defined_term","2","provision:Provision, term:Term","reference","DEFINITION","Records the term defined by a definition row.","defined_term('AIAct_A3.1','ai_system')"
"F113","definition_source","2","predicate:Predicate, provision:Provision","reference","DEFINITION","Links a predicate/term to the provision defining it.","definition_source('ai_system','AIAct_A3.1')"
"F114","definition_matches","2","predicate:Predicate, entity:Entity","intensional","DEFINITION","Generic derived bridge for definition rows that need upstream extensional classification.","definition_matches('ai_system','sys1')"
"F115","legal_effect_clause","2","provision:Provision, effect:EffectTag","reference","COVERAGE","Fallback legal-effect marker where text is not safely reducible to a specific operational predicate.","legal_effect_clause('AIAct_A7.2.a','material')"
"F116","provision_trigger","3","provision:Provision, actor:Actor, target:ScenarioOrSystem","extensional","COVERAGE","Opaque upstream trigger for a provision-specific fact when text cannot be fully decomposed.","provision_trigger('GDPR_A85.1','member_state_fr','s1')"
"F117","permission","3","actor:Actor, target:ScenarioOrSystem, provision:Provision","intensional","OBLIGATION","Flat permission/discretion predicate for may/empowered language.","permission('commission','x','AIAct_A7.1')"
"F118","without_prejudice","2","provision:Provision, external_rule:ExternalLaw","reference","INTERPRETIVE","Marks provisions that preserve or do not affect another legal instrument or more specific rule.","without_prejudice('GDPR_A2.4','external_or_more_specific_law')"
"F119","restriction_safeguard_basis","2","provision:Provision, basis:RestrictionBasis","reference","EXCEPTION","Article 23-style basis or safeguard marker for restrictions.","restriction_safeguard_basis('GDPR_A23.1.a','national_security')"
"F120","member_state_cfsp_activity","1","scenario:Scenario","extensional","EXCLUSION","Member State activity within Chapter 2 of Title V TEU / CFSP.","member_state_cfsp_activity('s1')"
"F121","member_state_discretion","2","provision:Provision, topic:Topic","reference","EXCEPTION","Member State may/shall/more-specific-rule discretion marker.","member_state_discretion('GDPR_A85.1','freedom_expression_reconciliation')"
"F122","no_additional_obligations","3","actor:Actor, target:ScenarioOrSystem, provision:Provision","intensional","EXCEPTION","Marks lex-specialis/no additional obligations clauses.","no_additional_obligations('a','s','GDPR_A95')"
"F123","repealed_on","2","instrument:LegalInstrument, date:Date","reference","TEMPORAL","Legal instrument repeal date.","repealed_on('directive_95_46_ec','2018-05-25')"
"F124","references_construed_as","2","old_reference:LegalReference, new_reference:LegalReference","reference","TEMPORAL","Reference-conversion rule after repeal/replacement.","references_construed_as('directive_95_46_ec','gdpr')"
"F125","validity_continues","2","instrument_or_arrangement:LegalInstrument, condition:Condition","reference","TEMPORAL","Transitional continuation marker.","validity_continues('pre_2016_05_24_international_transfer_agreements','until_amended_replaced_or_revoked')"
"F126","not_high_risk_derogation_factor","2","ai_system:AISystem, factor:Factor","intensional","CLASSIFICATION","AI Act Article 6(3) factor that can support non-high-risk classification.","not_high_risk_derogation_factor('sys1','narrow_procedural_task')"
"F127","not_high_risk_ai","1","ai_system:AISystem","intensional","CLASSIFICATION","AI Act Article 6(3) not-high-risk classification.","not_high_risk_ai('sys1')"
"F128","rbi_exception_ground","2","ai_system:AISystem, provision:Provision","extensional","EXCEPTION","Ground supporting real-time remote biometric identification exception.","rbi_exception_ground('sys1','AIAct_A5.1.h.i')"
"F129","affected_person","2","actor:Actor, ai_system:AISystem","extensional","TERRITORIAL","Affected person located in the Union for AI Act territorial link.","affected_person('alice','sys1')"
"F130","interpretive_support","2","provision:Provision, topic:Topic","reference","INTERPRETIVE","Non-operative interpretive support fact, especially for recitals.","interpretive_support('GDPR_R14','non_operative_recital')"
"F131","additional_information_kept_separately","1","entity:Entity","extensional","INTERPRETIVE","Predicate used by improved recital-derived rules for GDPR_R29.","additional_information_kept_separately('x')"
"F132","adequate_fundamental_rights_safeguards","1","entity:Entity","extensional","EXCEPTION","Predicate used by improved recital-derived rules for AIAct_R22.","adequate_fundamental_rights_safeguards('x')"
"F133","ai_act_complementary_to_existing_union_law","1","ai_system:AISystem","intensional","TERRITORIAL","Predicate used by improved recital-derived rules for AIAct_R9.","ai_act_complementary_to_existing_union_law('x')"
"F134","ai_act_exclusion_applies_regardless_entity_type","1","ai_system:AISystem","intensional","EXCLUSION","Predicate used by improved recital-derived rules for AIAct_R24.","ai_act_exclusion_applies_regardless_entity_type('x')"
"F135","ai_act_not_excluded_by_defence_or_security_reentry","1","ai_system:AISystem","intensional","EXCLUSION","Predicate used by improved recital-derived rules for AIAct_R24.","ai_act_not_excluded_by_defence_or_security_reentry('x')"
"F136","ai_act_protected_interest","1","ai_system:AISystem","reference","MATERIAL","Predicate used by improved recital-derived rules for AIAct_R1.","ai_act_protected_interest('x')"
"F137","ai_regulatory_sandbox_rules_available","1","ai_system:AISystem","intensional","MATERIAL","Predicate used by improved recital-derived rules for AIAct_R25.","ai_regulatory_sandbox_rules_available('x')"
"F138","ai_system_definition_should_align_with_international_work","1","ai_system:AISystem","intensional","MATERIAL","Predicate used by improved recital-derived rules for AIAct_R14.","ai_system_definition_should_align_with_international_work('x')"
"F139","ai_system_lifecycle_activity","1","ai_system:AISystem","intensional","MATERIAL","Predicate used by improved recital-derived rules for AIAct_R1.","ai_system_lifecycle_activity('x')"
"F140","ai_system_or_model","1","ai_system:AISystem","extensional","MATERIAL","Predicate used by improved recital-derived rules for AIAct_R25.","ai_system_or_model('x')"
"F141","analyses_or_predicts_attitudes","2","arg1:Entity, arg2:EntityOrTag","extensional","INTERPRETIVE","Predicate used by improved recital-derived rules for GDPR_R24.","analyses_or_predicts_attitudes('x','y')"
"F142","analyses_or_predicts_behaviour","2","arg1:Entity, arg2:EntityOrTag","extensional","INTERPRETIVE","Predicate used by improved recital-derived rules for GDPR_R24.","analyses_or_predicts_behaviour('x','y')"
"F143","analyses_or_predicts_preferences","2","arg1:Entity, arg2:EntityOrTag","extensional","INTERPRETIVE","Predicate used by improved recital-derived rules for GDPR_R24.","analyses_or_predicts_preferences('x','y')"
"F144","anonymised_data","1","datum:Datum","extensional","DEFINITION","Predicate used by improved recital-derived rules for GDPR_R26.","anonymised_data('x')"
"F145","anonymous_information","1","entity:Entity","intensional","INTERPRETIVE","Predicate used by improved recital-derived rules for GDPR_R26.","anonymous_information('x')"
"F146","authorised_persons_indicated","1","entity:Entity","extensional","INTERPRETIVE","Predicate used by improved recital-derived rules for GDPR_R29.","authorised_persons_indicated('x')"
"F147","automated_decision_making_rights_unaffected","2","arg1:Entity, arg2:EntityOrTag","intensional","EXCEPTION","Predicate used by improved recital-derived rules for AIAct_R14.","automated_decision_making_rights_unaffected('x','y')"
"F148","automated_individual_decision_making","1","entity:Entity","extensional","INTERPRETIVE","Predicate used by improved recital-derived rules for AIAct_R14.","automated_individual_decision_making('x')"
"F149","available_technology_relevant","1","entity:Entity","extensional","INTERPRETIVE","Predicate used by improved recital-derived rules for GDPR_R26.","available_technology_relevant('x')"
"F150","behaviour_takes_place_in_eu","1","entity:Entity","extensional","INTERPRETIVE","Predicate used by improved recital-derived rules for GDPR_R24.","behaviour_takes_place_in_eu('x')"
"F151","branch_in_union","1","entity:Entity","extensional","TERRITORIAL","Predicate used by improved recital-derived rules for GDPR_R22.","branch_in_union('x')"
"F152","circumvention_risk_scope","1","entity:Entity","intensional","INTERPRETIVE","Predicate used by improved recital-derived rules for AIAct_R22.","circumvention_risk_scope('x')"
"F153","combined_with_unique_identifier","1","entity:Entity","extensional","DEFINITION","Predicate used by improved recital-derived rules for GDPR_R30.","combined_with_unique_identifier('x')"
"F154","common_foreign_security_policy_activity","1","scenario:Scenario","extensional","INTERPRETIVE","Predicate used by improved recital-derived rules for GDPR_R16.","common_foreign_security_policy_activity('x')"
"F155","competent_authority","1","entity:Entity","extensional","INTERPRETIVE","Predicate used by improved recital-derived rules for GDPR_R19.","competent_authority('x')"
"F156","competent_authority_other_purpose_processing","1","scenario:Scenario","intensional","MATERIAL","Predicate used by improved recital-derived rules for GDPR_R19.","competent_authority_other_purpose_processing('x')"
"F157","concerns_entire_filing_system","1","entity:Entity","extensional","INTERPRETIVE","Predicate used by improved recital-derived rules for GDPR_R31.","concerns_entire_filing_system('x')"
"F158","consent_meets_gdpr_conditions","1","entity:Entity","extensional","INTERPRETIVE","Predicate used by improved recital-derived rules for GDPR_R171.","consent_meets_gdpr_conditions('x')"
"F159","consent_renewal_not_required","1","entity:Entity","intensional","INTERPRETIVE","Predicate used by improved recital-derived rules for GDPR_R171.","consent_renewal_not_required('x')"
"F160","consent_under_directive_95_46","1","entity:Entity","extensional","INTERPRETIVE","Predicate used by improved recital-derived rules for GDPR_R171.","consent_under_directive_95_46('x')"
"F161","cookie_identifier","1","datum:Datum","extensional","DEFINITION","Predicate used by improved recital-derived rules for GDPR_R30.","cookie_identifier('x')"
"F162","court_or_judicial_authority","1","entity:Entity","extensional","INTERPRETIVE","Predicate used by improved recital-derived rules for GDPR_R20.","court_or_judicial_authority('x')"
"F163","data_protection_measure","2","arg1:Entity, arg2:EntityOrTag","intensional","DEFINITION","Predicate used by improved recital-derived rules for GDPR_R28.","data_protection_measure('x','y')"
"F164","data_subject_no_longer_identifiable","1","datum:Datum","extensional","DEFINITION","Predicate used by improved recital-derived rules for GDPR_R26.","data_subject_no_longer_identifiable('x')"
"F165","data_subject_right","2","arg1:Entity, arg2:EntityOrTag","extensional","DEFINITION","Predicate used by improved recital-derived rules for AIAct_R14.","data_subject_right('x','y')"
"F166","data_subject_rights_unaffected_by_ai_act","2","arg1:Entity, arg2:EntityOrTag","intensional","MATERIAL","Predicate used by improved recital-derived rules for AIAct_R14.","data_subject_rights_unaffected_by_ai_act('x','y')"
"F167","deceased_person","1","actor:Actor","extensional","EXCLUSION","Predicate used by improved recital-derived rules for GDPR_R27.","deceased_person('x')"
"F168","deceased_person_data","1","datum:Datum","intensional","EXCLUSION","Predicate used by improved recital-derived rules for GDPR_R27.","deceased_person_data('x')"
"F169","design_considers_non_binding_ethical_principles","1","entity:Entity","extensional","INTERPRETIVE","Predicate used by improved recital-derived rules for AIAct_R27.","design_considers_non_binding_ethical_principles('x')"
"F170","detection_criminal_offences","1","entity:Entity","extensional","INTERPRETIVE","Predicate used by improved recital-derived rules for GDPR_R19.","detection_criminal_offences('x')"
"F171","development_of_ai_system","1","ai_system:AISystem","extensional","MATERIAL","Predicate used by improved recital-derived rules for AIAct_R1.","development_of_ai_system('x')"
"F172","device_application_tool_protocol_identifier","1","entity:Entity","intensional","DEFINITION","Predicate used by improved recital-derived rules for GDPR_R30.","device_application_tool_protocol_identifier('x')"
"F173","diplomatic_mission_or_consular_post","1","entity:Entity","extensional","INTERPRETIVE","Predicate used by improved recital-derived rules for GDPR_R25.","diplomatic_mission_or_consular_post('x')"
"F174","disclosed_to","2","arg1:Entity, arg2:EntityOrTag","extensional","INTERPRETIVE","Predicate used by improved recital-derived rules for GDPR_R31.","disclosed_to('x','y')"
"F175","disclosure_request","1","scenario:Scenario","extensional","INTERPRETIVE","Predicate used by improved recital-derived rules for GDPR_R31.","disclosure_request('x')"
"F176","disclosure_request_no_filing_system_interconnection","1","entity:Entity","intensional","INTERPRETIVE","Predicate used by improved recital-derived rules for GDPR_R31.","disclosure_request_no_filing_system_interconnection('x')"
"F177","disclosure_request_not_entire_filing_system","1","entity:Entity","intensional","INTERPRETIVE","Predicate used by improved recital-derived rules for GDPR_R31.","disclosure_request_not_entire_filing_system('x')"
"F178","effective_pseudonymisation","2","arg1:Entity, arg2:EntityOrTag","intensional","DEFINITION","Predicate used by improved recital-derived rules for GDPR_R29.","effective_pseudonymisation('x','y')"
"F179","effective_real_activity","1","scenario:Scenario","extensional","INTERPRETIVE","Predicate used by improved recital-derived rules for GDPR_R22.","effective_real_activity('x')"
"F180","effective_union_protection_interest","1","entity:Entity","intensional","TERRITORIAL","Predicate used by improved recital-derived rules for AIAct_R21.","effective_union_protection_interest('x')"
"F181","email_address_accessible_in_eu","2","arg1:Entity, arg2:EntityOrTag","extensional","INTERPRETIVE","Predicate used by improved recital-derived rules for GDPR_R23.","email_address_accessible_in_eu('x','y')"
"F182","envisages_offering_to_eu_data_subjects","2","arg1:Entity, arg2:EntityOrTag","extensional","TERRITORIAL","Predicate used by improved recital-derived rules for GDPR_R23.","envisages_offering_to_eu_data_subjects('x','y')"
"F183","establishment_in_union","1","entity:Entity","intensional","TERRITORIAL","Predicate used by improved recital-derived rules for GDPR_R22.","establishment_in_union('x')"
"F184","eu_institution_body_office_agency","1","entity:Entity","extensional","TERRITORIAL","Predicate used by improved recital-derived rules for AIAct_R23, GDPR_R17.","eu_institution_body_office_agency('x')"
"F185","eu_institution_data_protection_regime","1","datum:Datum","reference","TERRITORIAL","Predicate used by improved recital-derived rules for AIAct_R12.","eu_institution_data_protection_regime('x')"
"F186","eu_language_or_currency_with_ordering","2","arg1:Entity, arg2:EntityOrTag","extensional","TERRITORIAL","Predicate used by improved recital-derived rules for GDPR_R23.","eu_language_or_currency_with_ordering('x','y')"
"F187","execution_criminal_penalties","1","entity:Entity","extensional","INTERPRETIVE","Predicate used by improved recital-derived rules for GDPR_R19.","execution_criminal_penalties('x')"
"F188","existing_union_law_right_or_remedy","2","arg1:Entity, arg2:EntityOrTag","extensional","TERRITORIAL","Predicate used by improved recital-derived rules for AIAct_R9.","existing_union_law_right_or_remedy('x','y')"
"F189","existing_union_law_rights_remedies_unaffected","2","arg1:Entity, arg2:EntityOrTag","intensional","TERRITORIAL","Predicate used by improved recital-derived rules for AIAct_R9.","existing_union_law_rights_remedies_unaffected('x','y')"
"F190","explicitly_authorised_by_ai_act","1","entity:Entity","extensional","MATERIAL","Predicate used by improved recital-derived rules for AIAct_R1.","explicitly_authorised_by_ai_act('x')"
"F191","file_set","1","entity:Entity","extensional","INTERPRETIVE","Predicate used by improved recital-derived rules for GDPR_R15.","file_set('x')"
"F192","free_movement_information_society_services_supported","1","entity:Entity","intensional","INTERPRETIVE","Predicate used by improved recital-derived rules for GDPR_R21.","free_movement_information_society_services_supported('x')"
"F193","gdpr_applies_to_judicial_authority_processing","1","scenario:Scenario","intensional","MATERIAL","Predicate used by improved recital-derived rules for GDPR_R20.","gdpr_applies_to_judicial_authority_processing('x')"
"F194","gdpr_applies_to_processing","1","scenario:Scenario","extensional","MATERIAL","Predicate used by improved recital-derived rules for GDPR_R19.","gdpr_applies_to_processing('x')"
"F195","gdpr_material_exclusion_reason","2","arg1:Entity, arg2:EntityOrTag","intensional","EXCLUSION","Predicate used by improved recital-derived rules for GDPR_R15.","gdpr_material_exclusion_reason('x','y')"
"F196","gdpr_personal_data_exclusion_reason","2","arg1:Entity, arg2:EntityOrTag","intensional","EXCLUSION","Predicate used by improved recital-derived rules for GDPR_R14, GDPR_R27.","gdpr_personal_data_exclusion_reason('x','y')"
"F197","gdpr_potentially_applies_to_competent_authority_other_purpose","1","scenario:Scenario","intensional","MATERIAL","Predicate used by improved recital-derived rules for GDPR_R19.","gdpr_potentially_applies_to_competent_authority_other_purpose('x')"
"F198","gdpr_principles_do_not_apply","1","entity:Entity","intensional","INTERPRETIVE","Predicate used by improved recital-derived rules for GDPR_R26.","gdpr_principles_do_not_apply('x')"
"F199","gdpr_protected_person","1","actor:Actor","intensional","INTERPRETIVE","Predicate used by improved recital-derived rules for GDPR_R14.","gdpr_protected_person('x')"
"F200","gdpr_protection_independent_of_nationality_or_residence","1","entity:Entity","intensional","INTERPRETIVE","Predicate used by improved recital-derived rules for GDPR_R14.","gdpr_protection_independent_of_nationality_or_residence('x')"
"F201","general_analysis_allowed_within_same_controller","1","entity:Entity","intensional","INTERPRETIVE","Predicate used by improved recital-derived rules for GDPR_R29.","general_analysis_allowed_within_same_controller('x')"
"F202","general_interest_inquiry","1","entity:Entity","extensional","INTERPRETIVE","Predicate used by improved recital-derived rules for GDPR_R31.","general_interest_inquiry('x')"
"F203","governed_by","2","arg1:Entity, arg2:EntityOrTag","intensional","INTERPRETIVE","Predicate used by improved recital-derived rules for GDPR_R17, GDPR_R19.","governed_by('x','y')"
"F204","high_risk_ai_harmonised_rules_apply","1","entity:Entity","intensional","CLASSIFICATION","Predicate used by improved recital-derived rules for AIAct_R9.","high_risk_ai_harmonised_rules_apply('x')"
"F205","high_risk_ai_requirement_trigger","1","entity:Entity","intensional","CLASSIFICATION","Predicate used by improved recital-derived rules for AIAct_R26.","high_risk_ai_requirement_trigger('x')"
"F206","high_risk_ai_use_case","1","ai_system:AISystem","extensional","CLASSIFICATION","Predicate used by improved recital-derived rules for AIAct_R26.","high_risk_ai_use_case('x')"
"F207","identifiability_factor","2","arg1:Entity, arg2:EntityOrTag","intensional","DEFINITION","Predicate used by improved recital-derived rules for GDPR_R26.","identifiability_factor('x','y')"
"F208","identifiable_person","2","arg1:Entity, arg2:EntityOrTag","intensional","DEFINITION","Predicate used by improved recital-derived rules for GDPR_R26, GDPR_R30.","identifiable_person('x','y')"
"F209","identification_costs_relevant","1","entity:Entity","extensional","DEFINITION","Predicate used by improved recital-derived rules for GDPR_R26.","identification_costs_relevant('x')"
"F210","identification_time_relevant","1","entity:Entity","extensional","DEFINITION","Predicate used by improved recital-derived rules for GDPR_R26.","identification_time_relevant('x')"
"F211","identified_person","2","arg1:Entity, arg2:EntityOrTag","extensional","DEFINITION","Predicate used by improved recital-derived rules for GDPR_R26.","identified_person('x','y')"
"F212","information","1","datum:Datum","extensional","INTERPRETIVE","Predicate used by improved recital-derived rules for GDPR_R26.","information('x')"
"F213","information_society_service","1","entity:Entity","extensional","INTERPRETIVE","Predicate used by improved recital-derived rules for GDPR_R21.","information_society_service('x')"
"F214","insufficient_targeting_factor","3","arg1:Entity, arg2:Entity, arg3:Tag","intensional","INTERPRETIVE","Predicate used by improved recital-derived rules for GDPR_R23.","insufficient_targeting_factor('x','y','tag')"
"F215","intended_to_form_part_of_filing_system","1","entity:Entity","extensional","INTERPRETIVE","Predicate used by improved recital-derived rules for GDPR_R15.","intended_to_form_part_of_filing_system('x')"
"F216","intermediary_liability_rules_unaffected","1","entity:Entity","intensional","INTERPRETIVE","Predicate used by improved recital-derived rules for GDPR_R21.","intermediary_liability_rules_unaffected('x')"
"F217","intermediary_service_provider","2","arg1:Entity, arg2:EntityOrTag","extensional","INTERPRETIVE","Predicate used by improved recital-derived rules for GDPR_R21.","intermediary_service_provider('x','y')"
"F218","internet_protocol_address","1","datum:Datum","extensional","INTERPRETIVE","Predicate used by improved recital-derived rules for GDPR_R30.","internet_protocol_address('x')"
"F219","investigation_criminal_offences","1","entity:Entity","extensional","INTERPRETIVE","Predicate used by improved recital-derived rules for GDPR_R19.","investigation_criminal_offences('x')"
"F220","judicial_authority_processing","1","scenario:Scenario","intensional","MATERIAL","Predicate used by improved recital-derived rules for GDPR_R20.","judicial_authority_processing('x')"
"F221","judicial_capacity","1","entity:Entity","extensional","INTERPRETIVE","Predicate used by improved recital-derived rules for GDPR_R20.","judicial_capacity('x')"
"F222","judicial_capacity_processing","1","scenario:Scenario","intensional","MATERIAL","Predicate used by improved recital-derived rules for GDPR_R20.","judicial_capacity_processing('x')"
"F223","judicial_system_supervision_possible","1","entity:Entity","intensional","INTERPRETIVE","Predicate used by improved recital-derived rules for GDPR_R20.","judicial_system_supervision_possible('x')"
"F224","law_enforcement_data_protection_regime","1","datum:Datum","reference","DEFINITION","Predicate used by improved recital-derived rules for AIAct_R13.","law_enforcement_data_protection_regime('x')"
"F225","law_enforcement_judicial_cooperation_agreement","1","entity:Entity","extensional","INTERPRETIVE","Predicate used by improved recital-derived rules for AIAct_R22.","law_enforcement_judicial_cooperation_agreement('x')"
"F226","law_enforcement_purpose","1","scenario:Scenario","intensional","MATERIAL","Predicate used by improved recital-derived rules for GDPR_R19.","law_enforcement_purpose('x')"
"F227","leads_to_filing_system_interconnection","1","entity:Entity","extensional","INTERPRETIVE","Predicate used by improved recital-derived rules for GDPR_R31.","leads_to_filing_system_interconnection('x')"
"F228","legal_form_not_determining_for_establishment","1","entity:Entity","intensional","TERRITORIAL","Predicate used by improved recital-derived rules for GDPR_R22.","legal_form_not_determining_for_establishment('x')"
"F229","legal_obligation_disclosure","1","entity:Entity","extensional","EXCEPTION","Predicate used by improved recital-derived rules for GDPR_R31.","legal_obligation_disclosure('x')"
"F230","legal_person","1","actor:Actor","extensional","INTERPRETIVE","Predicate used by improved recital-derived rules for GDPR_R14.","legal_person('x')"
"F231","legal_person_contact_details","1","entity:Entity","extensional","INTERPRETIVE","Predicate used by improved recital-derived rules for GDPR_R14.","legal_person_contact_details('x')"
"F232","legal_person_data","1","datum:Datum","intensional","DEFINITION","Predicate used by improved recital-derived rules for GDPR_R14.","legal_person_data('x')"
"F233","legislative_restriction_measure","2","arg1:Entity, arg2:EntityOrTag","extensional","EXCEPTION","Predicate used by improved recital-derived rules for GDPR_R19.","legislative_restriction_measure('x','y')"
"F234","manual_processing","1","scenario:Scenario","extensional","MATERIAL","Predicate used by improved recital-derived rules for GDPR_R15.","manual_processing('x')"
"F235","may_restrict_gdpr_right_or_obligation","2","arg1:Entity, arg2:EntityOrTag","intensional","EXCEPTION","Predicate used by improved recital-derived rules for GDPR_R19.","may_restrict_gdpr_right_or_obligation('x','y')"
"F236","member_state_ai_restriction_preempted","1","entity:Entity","intensional","MATERIAL","Predicate used by improved recital-derived rules for AIAct_R1.","member_state_ai_restriction_preempted('x')"
"F237","member_state_chapter_2_title_v_teu_activity","1","scenario:Scenario","extensional","TERRITORIAL","Predicate used by improved recital-derived rules for GDPR_R16.","member_state_chapter_2_title_v_teu_activity('x')"
"F238","member_state_may_provide_deceased_person_rules","1","entity:Entity","intensional","EXCLUSION","Predicate used by improved recital-derived rules for GDPR_R27.","member_state_may_provide_deceased_person_rules('x')"
"F239","member_state_specific_gdpr_provisions_allowed","1","entity:Entity","intensional","TERRITORIAL","Predicate used by improved recital-derived rules for GDPR_R19.","member_state_specific_gdpr_provisions_allowed('x')"
"F240","mentions_eu_customers_or_users","2","arg1:Entity, arg2:EntityOrTag","extensional","TERRITORIAL","Predicate used by improved recital-derived rules for GDPR_R23.","mentions_eu_customers_or_users('x','y')"
"F241","military_or_defence_developed","1","entity:Entity","extensional","INTERPRETIVE","Predicate used by improved recital-derived rules for AIAct_R24.","military_or_defence_developed('x')"
"F242","national_security_activity","1","scenario:Scenario","extensional","INTERPRETIVE","Predicate used by improved recital-derived rules for GDPR_R16.","national_security_activity('x')"
"F243","national_security_developed","1","entity:Entity","extensional","INTERPRETIVE","Predicate used by improved recital-derived rules for AIAct_R24.","national_security_developed('x')"
"F244","necessary_and_proportionate_restriction","1","entity:Entity","extensional","EXCEPTION","Predicate used by improved recital-derived rules for GDPR_R19.","necessary_and_proportionate_restriction('x')"
"F245","necessary_for_particular_inquiry","1","entity:Entity","extensional","INTERPRETIVE","Predicate used by improved recital-derived rules for GDPR_R31.","necessary_for_particular_inquiry('x')"
"F246","non_binding_ethical_principle","1","entity:Entity","reference","INTERPRETIVE","Predicate used by improved recital-derived rules for AIAct_R27.","non_binding_ethical_principle('x')"
"F247","non_led_task","1","entity:Entity","extensional","INTERPRETIVE","Predicate used by improved recital-derived rules for GDPR_R19.","non_led_task('x')"
"F248","non_military_civilian_use","1","entity:Entity","extensional","INTERPRETIVE","Predicate used by improved recital-derived rules for AIAct_R24.","non_military_civilian_use('x')"
"F249","non_security_civilian_use","1","entity:Entity","extensional","INTERPRETIVE","Predicate used by improved recital-derived rules for AIAct_R24.","non_security_civilian_use('x')"
"F250","occasional_request","1","scenario:Scenario","extensional","INTERPRETIVE","Predicate used by improved recital-derived rules for GDPR_R31.","occasional_request('x')"
"F251","offering_goods_or_services_to_eu_data_subjects","2","arg1:Entity, arg2:EntityOrTag","intensional","TERRITORIAL","Predicate used by improved recital-derived rules for GDPR_R23.","offering_goods_or_services_to_eu_data_subjects('x','y')"
"F252","official_mission","2","arg1:Entity, arg2:EntityOrTag","extensional","INTERPRETIVE","Predicate used by improved recital-derived rules for GDPR_R31.","official_mission('x','y')"
"F253","online_identifier","1","datum:Datum","intensional","DEFINITION","Predicate used by improved recital-derived rules for GDPR_R30.","online_identifier('x')"
"F254","operator","2","arg1:Entity, arg2:EntityOrTag","extensional","MATERIAL","Predicate used by improved recital-derived rules for AIAct_R26.","operator('x','y')"
"F255","payment_not_required_for_offering_goods_services","1","entity:Entity","intensional","INTERPRETIVE","Predicate used by improved recital-derived rules for GDPR_R23.","payment_not_required_for_offering_goods_services('x')"
"F256","performs_processing","2","arg1:Entity, arg2:EntityOrTag","extensional","MATERIAL","Predicate used by improved recital-derived rules for GDPR_R17, GDPR_R18, GDPR_R19, GDPR_R20.","performs_processing('x','y')"
"F257","person_affected_by_ai_system","2","arg1:Entity, arg2:EntityOrTag","extensional","MATERIAL","Predicate used by improved recital-derived rules for AIAct_R14, AIAct_R9.","person_affected_by_ai_system('x','y')"
"F258","personal_or_household_context","1","entity:Entity","extensional","EXCLUSION","Predicate used by improved recital-derived rules for GDPR_R18.","personal_or_household_context('x')"
"F259","placing_on_market","1","entity:Entity","extensional","INTERPRETIVE","Predicate used by improved recital-derived rules for AIAct_R1, AIAct_R25.","placing_on_market('x')"
"F260","potential_recipient","2","arg1:Entity, arg2:EntityOrTag","intensional","DEFINITION","Predicate used by improved recital-derived rules for GDPR_R31.","potential_recipient('x','y')"
"F261","prevention_criminal_offences","1","entity:Entity","extensional","INTERPRETIVE","Predicate used by improved recital-derived rules for GDPR_R19.","prevention_criminal_offences('x')"
"F262","prevention_of_threats_to_public_security","1","entity:Entity","extensional","INTERPRETIVE","Predicate used by improved recital-derived rules for GDPR_R19.","prevention_of_threats_to_public_security('x')"
"F263","private_body_processing","1","scenario:Scenario","extensional","MATERIAL","Predicate used by improved recital-derived rules for GDPR_R19.","private_body_processing('x')"
"F264","processing_already_under_way_on","2","arg1:Entity, arg2:EntityOrTag","extensional","MATERIAL","Predicate used by improved recital-derived rules for GDPR_R171.","processing_already_under_way_on('x','y')"
"F265","processing_location_irrelevant_for_article_3_1","1","scenario:Scenario","intensional","MATERIAL","Predicate used by improved recital-derived rules for GDPR_R22.","processing_location_irrelevant_for_article_3_1('x')"
"F266","processing_must_conform_by","2","arg1:Entity, arg2:EntityOrTag","intensional","MATERIAL","Predicate used by improved recital-derived rules for GDPR_R171.","processing_must_conform_by('x','y')"
"F267","professional_or_commercial_activity","1","scenario:Scenario","extensional","INTERPRETIVE","Predicate used by improved recital-derived rules for GDPR_R18.","professional_or_commercial_activity('x')"
"F268","profile_created","2","arg1:Entity, arg2:EntityOrTag","intensional","INTERPRETIVE","Predicate used by improved recital-derived rules for GDPR_R30.","profile_created('x','y')"
"F269","profiling_trace","2","arg1:Entity, arg2:EntityOrTag","intensional","INTERPRETIVE","Predicate used by improved recital-derived rules for GDPR_R30.","profiling_trace('x','y')"
"F270","profiling_used_for_decisions","2","arg1:Entity, arg2:EntityOrTag","extensional","INTERPRETIVE","Predicate used by improved recital-derived rules for GDPR_R24.","profiling_used_for_decisions('x','y')"
"F271","profiling_used_to_analyse_or_predict","2","arg1:Entity, arg2:EntityOrTag","intensional","INTERPRETIVE","Predicate used by improved recital-derived rules for GDPR_R24.","profiling_used_to_analyse_or_predict('x','y')"
"F272","prosecution_criminal_offences","1","entity:Entity","extensional","INTERPRETIVE","Predicate used by improved recital-derived rules for GDPR_R19.","prosecution_criminal_offences('x')"
"F273","provider_scope_irrespective_of_establishment","2","arg1:Entity, arg2:EntityOrTag","intensional","TERRITORIAL","Predicate used by improved recital-derived rules for AIAct_R21.","provider_scope_irrespective_of_establishment('x','y')"
"F274","pseudonymisation_applied","2","arg1:Entity, arg2:EntityOrTag","extensional","DEFINITION","Predicate used by improved recital-derived rules for GDPR_R29.","pseudonymisation_applied('x','y')"
"F275","pseudonymisation_measure","2","arg1:Entity, arg2:EntityOrTag","extensional","DEFINITION","Predicate used by improved recital-derived rules for GDPR_R28.","pseudonymisation_measure('x','y')"
"F276","pseudonymised_data","1","datum:Datum","extensional","DEFINITION","Predicate used by improved recital-derived rules for GDPR_R26.","pseudonymised_data('x')"
"F277","public_authority","1","entity:Entity","extensional","INTERPRETIVE","Predicate used by improved recital-derived rules for GDPR_R31.","public_authority('x')"
"F278","public_authority_particular_inquiry_exception","2","arg1:Entity, arg2:EntityOrTag","intensional","INTERPRETIVE","Predicate used by improved recital-derived rules for GDPR_R31.","public_authority_particular_inquiry_exception('x','y')"
"F279","public_authority_processing_must_follow_applicable_data_protection_rules","1","datum:Datum","intensional","MATERIAL","Predicate used by improved recital-derived rules for GDPR_R31.","public_authority_processing_must_follow_applicable_data_protection_rules('x')"
"F280","putting_into_service","1","entity:Entity","extensional","INTERPRETIVE","Predicate used by improved recital-derived rules for AIAct_R1, AIAct_R25.","putting_into_service('x')"
"F281","radio_frequency_identification_tag","1","datum:Datum","extensional","DEFINITION","Predicate used by improved recital-derived rules for GDPR_R30.","radio_frequency_identification_tag('x')"
"F282","real_world_testing_rules_available","1","entity:Entity","intensional","INTERPRETIVE","Predicate used by improved recital-derived rules for AIAct_R25.","real_world_testing_rules_available('x')"
"F283","reasonably_likely_means_to_identify","2","arg1:Entity, arg2:EntityOrTag","extensional","DEFINITION","Predicate used by improved recital-derived rules for GDPR_R26.","reasonably_likely_means_to_identify('x','y')"
"F284","reasoned_request","1","scenario:Scenario","extensional","INTERPRETIVE","Predicate used by improved recital-derived rules for GDPR_R31.","reasoned_request('x')"
"F285","recipient","2","arg1:Entity, arg2:EntityOrTag","intensional","DEFINITION","Predicate used by improved recital-derived rules for GDPR_R31.","recipient('x','y')"
"F286","recital_supports_rule","2","arg1:Entity, arg2:EntityOrTag","reference","INTERPRETIVE","Predicate used by improved recital-derived rules for AIAct_R1, AIAct_R21, AIAct_R22, AIAct_R23, AIAct_R24, AIAct_R25, AIAct_R26, AIAct_R9, GDPR_R14, GDPR_R15, GDPR_R16, GDPR_R17, GDPR_R171, GDPR_R18, GDPR_R19, GDPR_R20, GDPR_R21, GDPR_R22, GDPR_R23, GDPR_R24, GDPR_R25, GDPR_R26, GDPR_R27, GDPR_R28, GDPR_R29, GDPR_R30, GDPR_R31.","recital_supports_rule('x','y')"
"F287","reference_instrument","2","arg1:Entity, arg2:EntityOrTag","reference","INTERPRETIVE","Predicate used by improved recital-derived rules for AIAct_R12, AIAct_R13, AIAct_R14.","reference_instrument('x','y')"
"F288","reidentifiable_with_additional_information","2","arg1:Entity, arg2:EntityOrTag","extensional","DEFINITION","Predicate used by improved recital-derived rules for GDPR_R26.","reidentifiable_with_additional_information('x','y')"
"F289","reidentification_safeguard","2","arg1:Entity, arg2:EntityOrTag","intensional","DEFINITION","Predicate used by improved recital-derived rules for GDPR_R29.","reidentification_safeguard('x','y')"
"F290","relates_to_identifiable_natural_person","1","actor:Actor","extensional","DEFINITION","Predicate used by improved recital-derived rules for GDPR_R26.","relates_to_identifiable_natural_person('x')"
"F291","relevant_operator_obligation_trigger","2","arg1:Entity, arg2:EntityOrTag","intensional","EXCEPTION","Predicate used by improved recital-derived rules for AIAct_R26.","relevant_operator_obligation_trigger('x','y')"
"F292","replaced_by","2","arg1:Entity, arg2:EntityOrTag","reference","INTERPRETIVE","Predicate used by improved recital-derived rules for GDPR_R171.","replaced_by('x','y')"
"F293","represents_member_state","1","entity:Entity","extensional","TERRITORIAL","Predicate used by improved recital-derived rules for GDPR_R25.","represents_member_state('x')"
"F294","research_testing_development_before_market_or_service","1","entity:Entity","extensional","INTERPRETIVE","Predicate used by improved recital-derived rules for AIAct_R25.","research_testing_development_before_market_or_service('x')"
"F295","restriction_context_example","2","arg1:Entity, arg2:EntityOrTag","reference","EXCEPTION","Predicate used by improved recital-derived rules for GDPR_R19.","restriction_context_example('x','y')"
"F296","risk_based_rule_intensity","2","arg1:Entity, arg2:EntityOrTag","intensional","INTERPRETIVE","Predicate used by improved recital-derived rules for AIAct_R26.","risk_based_rule_intensity('x','y')"
"F297","risk_reduction_measure","2","arg1:Entity, arg2:EntityOrTag","intensional","INTERPRETIVE","Predicate used by improved recital-derived rules for GDPR_R28.","risk_reduction_measure('x','y')"
"F298","safeguarding_against_threats_to_public_security","1","entity:Entity","extensional","INTERPRETIVE","Predicate used by improved recital-derived rules for GDPR_R19.","safeguarding_against_threats_to_public_security('x')"
"F299","safeguards_criminal_offence_detection","1","entity:Entity","extensional","INTERPRETIVE","Predicate used by improved recital-derived rules for GDPR_R19.","safeguards_criminal_offence_detection('x')"
"F300","safeguards_criminal_offence_investigation","1","entity:Entity","extensional","INTERPRETIVE","Predicate used by improved recital-derived rules for GDPR_R19.","safeguards_criminal_offence_investigation('x')"
"F301","safeguards_criminal_offence_prevention","1","entity:Entity","extensional","INTERPRETIVE","Predicate used by improved recital-derived rules for GDPR_R19.","safeguards_criminal_offence_prevention('x')"
"F302","safeguards_criminal_offence_prosecution","1","entity:Entity","extensional","INTERPRETIVE","Predicate used by improved recital-derived rules for GDPR_R19.","safeguards_criminal_offence_prosecution('x')"
"F303","safeguards_execution_criminal_penalties","1","entity:Entity","extensional","INTERPRETIVE","Predicate used by improved recital-derived rules for GDPR_R19.","safeguards_execution_criminal_penalties('x')"
"F304","safeguards_public_security","1","entity:Entity","extensional","INTERPRETIVE","Predicate used by improved recital-derived rules for GDPR_R19.","safeguards_public_security('x')"
"F305","safeguards_specific_important_interest","1","entity:Entity","intensional","INTERPRETIVE","Predicate used by improved recital-derived rules for GDPR_R19.","safeguards_specific_important_interest('x')"
"F306","same_controller_analysis","1","entity:Entity","extensional","INTERPRETIVE","Predicate used by improved recital-derived rules for GDPR_R29.","same_controller_analysis('x')"
"F307","server_received_information","1","entity:Entity","extensional","INTERPRETIVE","Predicate used by improved recital-derived rules for GDPR_R30.","server_received_information('x')"
"F308","sole_purpose_scientific_research_development","1","entity:Entity","extensional","MATERIAL","Predicate used by improved recital-derived rules for AIAct_R25.","sole_purpose_scientific_research_development('x')"
"F309","stable_arrangements","1","entity:Entity","extensional","INTERPRETIVE","Predicate used by improved recital-derived rules for GDPR_R22.","stable_arrangements('x')"
"F310","structured_by_specific_criteria","1","entity:Entity","extensional","INTERPRETIVE","Predicate used by improved recital-derived rules for GDPR_R15.","structured_by_specific_criteria('x')"
"F311","subsidiary_in_union","1","entity:Entity","extensional","TERRITORIAL","Predicate used by improved recital-derived rules for GDPR_R22.","subsidiary_in_union('x')"
"F312","supervisory_authority_competence_excluded","1","entity:Entity","intensional","EXCLUSION","Predicate used by improved recital-derived rules for GDPR_R20.","supervisory_authority_competence_excluded('x')"
"F313","supports_data_protection_obligations","2","arg1:Entity, arg2:EntityOrTag","intensional","DEFINITION","Predicate used by improved recital-derived rules for GDPR_R28.","supports_data_protection_obligations('x','y')"
"F314","targeting_factor","3","arg1:Entity, arg2:Entity, arg3:Tag","intensional","INTERPRETIVE","Predicate used by improved recital-derived rules for GDPR_R23.","targeting_factor('x','y','tag')"
"F315","technical_organisational_measures","1","entity:Entity","extensional","INTERPRETIVE","Predicate used by improved recital-derived rules for GDPR_R29.","technical_organisational_measures('x')"
"F316","technological_developments_relevant","1","entity:Entity","extensional","INTERPRETIVE","Predicate used by improved recital-derived rules for GDPR_R26.","technological_developments_relevant('x')"
"F317","technology_neutral_scope","2","arg1:Entity, arg2:EntityOrTag","reference","INTERPRETIVE","Predicate used by improved recital-derived rules for GDPR_R15.","technology_neutral_scope('x','y')"
"F318","third_country_language_used","2","arg1:Entity, arg2:EntityOrTag","extensional","TERRITORIAL","Predicate used by improved recital-derived rules for GDPR_R23.","third_country_language_used('x','y')"
"F319","third_country_output_scope","1","entity:Entity","intensional","TERRITORIAL","Predicate used by improved recital-derived rules for AIAct_R22.","third_country_output_scope('x')"
"F320","third_country_public_authority_or_international_organisation","1","entity:Entity","extensional","TERRITORIAL","Predicate used by improved recital-derived rules for AIAct_R22.","third_country_public_authority_or_international_organisation('x')"
"F321","tracks_natural_persons_on_internet","2","arg1:Entity, arg2:EntityOrTag","extensional","INTERPRETIVE","Predicate used by improved recital-derived rules for GDPR_R24.","tracks_natural_persons_on_internet('x','y')"
"F322","transparency_obligation_trigger","1","entity:Entity","intensional","EXCEPTION","Predicate used by improved recital-derived rules for AIAct_R26.","transparency_obligation_trigger('x')"
"F323","transparency_relevant_ai_system","1","ai_system:AISystem","extensional","MATERIAL","Predicate used by improved recital-derived rules for AIAct_R26.","transparency_relevant_ai_system('x')"
"F324","trustworthy_human_centric_ai_design_support","1","entity:Entity","intensional","MATERIAL","Predicate used by improved recital-derived rules for AIAct_R27.","trustworthy_human_centric_ai_design_support('x')"
"F325","unacceptable_risk_ai","1","ai_system:AISystem","extensional","CLASSIFICATION","Predicate used by improved recital-derived rules for AIAct_R26.","unacceptable_risk_ai('x')"
"F326","unstructured_file_set","1","entity:Entity","intensional","INTERPRETIVE","Predicate used by improved recital-derived rules for GDPR_R15.","unstructured_file_set('x')"
"F327","use_of_ai_system","1","ai_system:AISystem","extensional","MATERIAL","Predicate used by improved recital-derived rules for AIAct_R1.","use_of_ai_system('x')"
"F328","website_accessible_in_eu","2","arg1:Entity, arg2:EntityOrTag","extensional","INTERPRETIVE","Predicate used by improved recital-derived rules for GDPR_R23.","website_accessible_in_eu('x','y')"
"F329","within_union_law","1","entity:Entity","extensional","TERRITORIAL","Predicate used by improved recital-derived rules for GDPR_R19.","within_union_law('x')"
"F330","written_reasoned_occasional_request","1","scenario:Scenario","intensional","INTERPRETIVE","Predicate used by improved recital-derived rules for GDPR_R31.","written_reasoned_occasional_request('x')"
"F331","written_request","1","scenario:Scenario","extensional","INTERPRETIVE","Predicate used by improved recital-derived rules for GDPR_R31.","written_request('x')"
